Region,Brand,SKU,Net_Price,Promotion_Spend
NORTHEAST,BrandB,BrandB_SKU1,79.88495215855201,10926.2886312166
METRO_DELHI,BrandB,BrandB_SKU1,78.92016471884095,9780.253121705844
SOUTH,BrandB,BrandB_SKU1,73.98104433825768,23624.1925083732
EAST,BrandB,BrandB_SKU2,74.34230178149221,67771.59058282511
EAST,BrandB,BrandB_SKU1,65.7987984580237,74301.97315545582
NORTH,BrandB,BrandB_SKU3,87.11750374523616,105782.05682945902
SOUTH,BrandB,BrandB_SKU3,85.39376195794404,82338.2014282862
NORTHEAST,BrandB,BrandB_SKU3,87.2029885408192,131594.32762227376
NORTH,BrandB,BrandB_SKU3,85.67717630971725,82598.75827036897
METRO_MUMBAI,BrandB,BrandB_SKU1,74.83207554012316,35057.53438134213
NORTH,BrandB,BrandB_SKU1,69.70409589789782,117165.18810974831
EAST,BrandB,BrandB_SKU3,70.86371867822335,185049.04928146364
NORTH,BrandB,BrandB_SKU2,75.81474499492052,162137.9705154862
NORTH,BrandB,BrandB_SKU3,87.7190623881809,17147.503459544114
WEST,BrandB,BrandB_SKU2,81.64989926958373,89983.64529604383
EAST,BrandB,BrandB_SKU2,66.68295928118663,74301.97315545582
METRO_DELHI,BrandB,BrandB_SKU2,83.82216951158884,13074.361570794374
METRO_MUMBAI,BrandB,BrandB_SKU3,80.54640413374104,10627.767291453772
WEST,BrandB,BrandB_SKU2,81.09213177994378,18189.33261822434
METRO_DELHI,BrandB,BrandB_SKU3,73.75894014345147,11869.085220864392
METRO_DELHI,BrandB,BrandB_SKU2,82.69054357045984,84371.19502403826
SOUTH,BrandB,BrandB_SKU2,86.36044537876343,41322.252863369744
METRO_MUMBAI,BrandB,BrandB_SKU3,83.5768750520602,35057.53438134213
EAST,BrandB,BrandB_SKU2,75.32563219184732,11476.539087308674
WEST,BrandB,BrandB_SKU2,74.78750321743654,425132.4404712096
NORTH,BrandB,BrandB_SKU3,87.36370134475634,17903.133479454347
EAST,BrandB,BrandB_SKU3,72.17464680458025,76939.21454737811
NORTHEAST,BrandB,BrandB_SKU3,76.7450977497601,60064.321422323184
NORTHEAST,BrandB,BrandB_SKU2,79.71878600143076,10029.30603102308
NORTHEAST,BrandB,BrandB_SKU2,68.60420737788553,262872.33624023694
SOUTH,BrandB,BrandB_SKU1,63.21107129445751,117785.84306040022
NORTH,BrandB,BrandB_SKU2,84.0215669857268,104300.989158266
EAST,BrandB,BrandB_SKU2,75.17060819715842,56580.48833099025
NORTH,BrandB,BrandB_SKU2,84.74720953727156,99823.90872567322
CENTRAL,BrandB,BrandB_SKU3,79.1172009254002,151045.520488174
NORTH,BrandB,BrandB_SKU1,78.79043596072341,17399.18643642087
NORTHEAST,BrandB,BrandB_SKU3,87.1479701441077,10434.017391046593
METRO_MUMBAI,BrandB,BrandB_SKU3,81.9929684444282,10101.455832899244
NORTH,BrandB,BrandB_SKU1,68.64094995382646,111179.55221337471
EAST,BrandB,BrandB_SKU1,72.33462947489683,8805.980168118267
SOUTH,BrandB,BrandB_SKU1,74.75671362779751,95268.2572268996
WEST,BrandB,BrandB_SKU3,72.5559089957599,18172.889699281022
NORTH,BrandB,BrandB_SKU1,78.63760717272041,23424.81170042988
METRO_DELHI,BrandB,BrandB_SKU3,73.80797741740365,11674.549133285616
NORTH,BrandB,BrandB_SKU3,86.3181557152749,18935.233399306733
NORTHEAST,BrandB,BrandB_SKU1,81.58570036807936,5326.099777058215
NORTHEAST,BrandB,BrandB_SKU2,80.77131872070953,10356.700536258148
EAST,BrandB,BrandB_SKU2,75.49209669334503,9965.963958258675
NORTH,BrandB,BrandB_SKU2,85.52389099361784,17147.503459544114
WEST,BrandB,BrandB_SKU1,73.33507501927028,15552.518982365122
CENTRAL,BrandB,BrandB_SKU1,75.95445171300898,11656.42323960548
EAST,BrandB,BrandB_SKU3,81.21068034243356,64109.56954259
METRO_DELHI,BrandB,BrandB_SKU2,72.37999696099835,102464.99499541776
WEST,BrandB,BrandB_SKU3,63.88762430876099,92038.13374711313
NORTH,BrandB,BrandB_SKU1,79.5614497009086,18898.86747594068
METRO_DELHI,BrandB,BrandB_SKU3,75.13451385977838,15424.04911099796
NORTHEAST,BrandB,BrandB_SKU3,86.16398261674263,47445.31814328842
NORTH,BrandB,BrandB_SKU2,83.24177622177167,95904.3885596408
CENTRAL,BrandB,BrandB_SKU3,70.58377468647659,202431.9879401311
NORTHEAST,BrandB,BrandB_SKU3,77.85527222290908,56909.981309538496
SOUTH,BrandB,BrandB_SKU3,74.55485802049454,114327.81937975356
METRO_DELHI,BrandB,BrandB_SKU1,70.25907126015221,414720.65993232286
CENTRAL,BrandB,BrandB_SKU1,74.83059809941302,69243.46498702622
CENTRAL,BrandB,BrandB_SKU3,81.52393642296603,12345.998008054368
NORTHEAST,BrandB,BrandB_SKU2,79.48489080679526,28508.98032948085
NORTH,BrandB,BrandB_SKU3,87.27849618153121,13222.958491619103
METRO_DELHI,BrandB,BrandB_SKU3,74.87095873428956,54925.87946255922
EAST,BrandB,BrandB_SKU1,73.32504527209421,56013.47040077271
NORTHEAST,BrandB,BrandB_SKU2,79.34532537209799,10850.753001013762
SOUTH,BrandB,BrandB_SKU3,86.57752329300419,204938.54575852165
METRO_MUMBAI,BrandB,BrandB_SKU3,80.98609222695386,75922.65179913973
METRO_MUMBAI,BrandB,BrandB_SKU1,73.6022872143333,73946.64802372087
NORTHEAST,BrandB,BrandB_SKU3,77.50823222605872,70064.69823566797
CENTRAL,BrandB,BrandB_SKU3,70.27746563824476,84262.84533530589
EAST,BrandB,BrandB_SKU1,73.25251449129132,59553.29421325037
METRO_DELHI,BrandB,BrandB_SKU3,63.80311685925991,95784.28689289528
METRO_MUMBAI,BrandB,BrandB_SKU1,74.53095435504858,64724.71685362852
METRO_DELHI,BrandB,BrandB_SKU1,78.54379780205805,15960.135872349689
METRO_MUMBAI,BrandB,BrandB_SKU3,81.70593732382454,10741.099188746388
NORTHEAST,BrandB,BrandB_SKU1,80.02609866715567,26807.66365609839
METRO_DELHI,BrandB,BrandB_SKU1,78.29942258246336,16169.34167625278
METRO_MUMBAI,BrandB,BrandB_SKU1,73.35242243296855,55744.90721231455
EAST,BrandB,BrandB_SKU2,75.42413934871118,76548.70698747243
METRO_MUMBAI,BrandB,BrandB_SKU3,82.31045649694342,8886.031908576217
NORTHEAST,BrandB,BrandB_SKU1,81.42187734098383,9104.314405739651
METRO_DELHI,BrandB,BrandB_SKU2,81.62196253041525,13689.60587096651
CENTRAL,BrandB,BrandB_SKU2,84.16124427750685,17386.726439193317
CENTRAL,BrandB,BrandB_SKU1,75.66770840684855,10225.619087792957
NORTHEAST,BrandB,BrandB_SKU3,86.66757926471465,10230.673716946012
METRO_MUMBAI,BrandB,BrandB_SKU2,72.7876597199057,10451.518279053204
SOUTH,BrandB,BrandB_SKU3,84.7211818675514,11899.216216840896
CENTRAL,BrandB,BrandB_SKU3,80.94674151275072,11796.180085131891
METRO_DELHI,BrandB,BrandB_SKU3,73.54944835866925,10551.594328827745
EAST,BrandB,BrandB_SKU1,73.27274009560897,7995.886429687162
EAST,BrandB,BrandB_SKU2,66.04794370734771,188738.39404136332
CENTRAL,BrandB,BrandB_SKU3,80.62405882573042,63598.64437418548
CENTRAL,BrandB,BrandB_SKU2,72.91946431855214,82521.40869633893
NORTHEAST,BrandB,BrandB_SKU2,80.83108870275944,46149.240727446384
NORTH,BrandB,BrandB_SKU3,86.42626155999866,85685.26537057657
CENTRAL,BrandB,BrandB_SKU3,80.58477277444896,9772.77505525476
NORTHEAST,BrandB,BrandB_SKU2,79.8687903245723,7080.853761483563
NORTHEAST,BrandB,BrandB_SKU1,81.41880719239545,53935.40804435377
EAST,BrandB,BrandB_SKU2,75.37276348659452,68249.20843684026
METRO_DELHI,BrandB,BrandB_SKU1,78.72056856098034,13717.159938640236
METRO_MUMBAI,BrandB,BrandB_SKU2,72.2829933527769,12600.066911775975
NORTH,BrandB,BrandB_SKU2,85.05927098022936,12724.91456600931
WEST,BrandB,BrandB_SKU1,73.8318456181631,16570.413398521625
NORTH,BrandB,BrandB_SKU3,87.0551891592614,81760.56116065376
EAST,BrandB,BrandB_SKU2,75.06477278498618,12264.219680452254
METRO_MUMBAI,BrandB,BrandB_SKU1,74.62439077989231,57827.953683158965
SOUTH,BrandB,BrandB_SKU3,84.93054619581112,17522.112093572032
NORTHEAST,BrandB,BrandB_SKU1,79.55541560835766,58013.94395821216
NORTHEAST,BrandB,BrandB_SKU1,80.67472151848727,46738.02245785429
SOUTH,BrandB,BrandB_SKU1,73.52586616628207,93391.9804628956
CENTRAL,BrandB,BrandB_SKU3,81.65474799105888,73606.79837368037
NORTHEAST,BrandB,BrandB_SKU3,86.55673326079669,8286.79033136748
SOUTH,BrandB,BrandB_SKU1,73.72490033856252,18054.53899382608
METRO_DELHI,BrandB,BrandB_SKU1,79.15470238809745,79812.21848666141
METRO_DELHI,BrandB,BrandB_SKU2,71.41979860683952,391721.4428810688
WEST,BrandB,BrandB_SKU1,74.22567358093448,14857.229949446448
NORTHEAST,BrandB,BrandB_SKU3,85.624567556741,53935.40804435377
METRO_DELHI,BrandB,BrandB_SKU2,71.69041618317956,97805.60801753103
METRO_DELHI,BrandB,BrandB_SKU1,70.6680824323171,225572.3078093044
SOUTH,BrandB,BrandB_SKU3,86.05121208473312,14639.50894482765
SOUTH,BrandB,BrandB_SKU3,85.4746684029677,93949.52575792086
CENTRAL,BrandB,BrandB_SKU1,65.16204300659295,187146.8506198732
WEST,BrandB,BrandB_SKU3,64.31385697228217,105335.68184674064
METRO_DELHI,BrandB,BrandB_SKU2,84.32210748015959,10446.154112548513
SOUTH,BrandB,BrandB_SKU3,85.57681943990092,21205.535042539374
METRO_DELHI,BrandB,BrandB_SKU3,74.78841400687128,15222.73213398036
NORTH,BrandB,BrandB_SKU3,87.55355166356755,16633.532459602782
CENTRAL,BrandB,BrandB_SKU1,74.76584559990302,9916.630307780051
NORTH,BrandB,BrandB_SKU1,78.09765366931042,15921.89856069581
METRO_MUMBAI,BrandB,BrandB_SKU3,81.68620260987204,12635.438856242246
NORTH,BrandB,BrandB_SKU1,79.14739520731945,108505.25645612064
EAST,BrandB,BrandB_SKU1,73.82311340107465,12820.060136388624
WEST,BrandB,BrandB_SKU2,80.78155436271828,14862.73959135475
METRO_MUMBAI,BrandB,BrandB_SKU3,82.01951596253345,12666.44281958419
METRO_MUMBAI,BrandB,BrandB_SKU2,66.83356209295506,86053.6595067006
CENTRAL,BrandB,BrandB_SKU1,76.54837884871117,64677.52578869757
CENTRAL,BrandB,BrandB_SKU3,80.46641459275841,13154.02932751634
WEST,BrandB,BrandB_SKU1,72.44163915209059,14862.73959135475
WEST,BrandB,BrandB_SKU2,81.94432818638715,88669.70235347575
NORTHEAST,BrandB,BrandB_SKU1,81.09972674255758,7080.853761483563
CENTRAL,BrandB,BrandB_SKU1,74.41472603893166,11320.571320729896
NORTH,BrandB,BrandB_SKU1,79.02403704507306,80941.20265862848
SOUTH,BrandB,BrandB_SKU3,86.5234393549545,18295.23084107513
EAST,BrandB,BrandB_SKU1,65.01193338202339,75131.2585204983
NORTHEAST,BrandB,BrandB_SKU3,84.81589356134748,13418.336082634902
WEST,BrandB,BrandB_SKU2,81.81947539959361,214831.1849260962
EAST,BrandB,BrandB_SKU3,78.51996896344558,9578.689380541373
WEST,BrandB,BrandB_SKU2,81.26343842263257,11561.845284433606
NORTHEAST,BrandB,BrandB_SKU2,79.39748110216932,8314.375357827344
METRO_MUMBAI,BrandB,BrandB_SKU1,74.41183927126777,8448.79371137847
NORTHEAST,BrandB,BrandB_SKU2,79.5644789805933,25582.998886460224
WEST,BrandB,BrandB_SKU2,80.61014151469615,75020.92888849629
WEST,BrandB,BrandB_SKU1,75.69686246825056,18189.33261822434
METRO_MUMBAI,BrandB,BrandB_SKU3,81.34612797596417,12809.104055372673
METRO_DELHI,BrandB,BrandB_SKU1,77.31169894026795,45944.65767932212
CENTRAL,BrandB,BrandB_SKU3,70.75029019433101,193025.690017711
CENTRAL,BrandB,BrandB_SKU2,83.64280879382295,13114.899537830795
EAST,BrandB,BrandB_SKU3,78.77299235814534,16233.878386489538
CENTRAL,BrandB,BrandB_SKU1,75.52395780420893,10689.027561439709
METRO_DELHI,BrandB,BrandB_SKU3,73.04502469588384,11343.459890230662
CENTRAL,BrandB,BrandB_SKU2,72.97232194995144,189629.6212725764
METRO_MUMBAI,BrandB,BrandB_SKU2,74.10424266523613,9638.69668972712
WEST,BrandB,BrandB_SKU3,65.20181068621436,97139.51614970586
METRO_MUMBAI,BrandB,BrandB_SKU3,81.62417764532933,9145.394537513308
CENTRAL,BrandB,BrandB_SKU1,75.01273278043338,12309.199905597176
NORTH,BrandB,BrandB_SKU1,77.5257016724459,11352.218593229098
NORTHEAST,BrandB,BrandB_SKU3,85.66422296598796,62731.78811127369
EAST,BrandB,BrandB_SKU3,81.14385975715655,73810.55889569731
EAST,BrandB,BrandB_SKU2,66.30641651631579,333126.47477808804
METRO_DELHI,BrandB,BrandB_SKU2,82.16357464506818,66563.54012775815
CENTRAL,BrandB,BrandB_SKU3,69.8713555414657,180516.83241750565
SOUTH,BrandB,BrandB_SKU3,86.0437980544713,87076.28278657593
METRO_DELHI,BrandB,BrandB_SKU3,73.8305294519988,11510.435624123384
METRO_MUMBAI,BrandB,BrandB_SKU3,83.10499000158998,8587.891593296348
EAST,BrandB,BrandB_SKU1,73.2454350723888,12920.044243301105
WEST,BrandB,BrandB_SKU1,74.57176561296998,13465.197705674453
CENTRAL,BrandB,BrandB_SKU3,69.97407722975144,86811.50686098664
NORTHEAST,BrandB,BrandB_SKU1,81.77615974077315,5985.758357627528
METRO_MUMBAI,BrandB,BrandB_SKU1,74.20982078252818,73228.89084356476
METRO_DELHI,BrandB,BrandB_SKU2,83.1604280548939,15548.339570169335
SOUTH,BrandB,BrandB_SKU1,64.4202662893959,274659.6992044209
NORTH,BrandB,BrandB_SKU1,78.38091438161325,23114.648230291943
METRO_DELHI,BrandB,BrandB_SKU1,79.1972523539955,70439.00511225541
NORTHEAST,BrandB,BrandB_SKU1,82.61283878704016,10824.19334625767
SOUTH,BrandB,BrandB_SKU3,85.3286612426223,19894.539218062502
NORTHEAST,BrandB,BrandB_SKU3,84.99059944973202,12075.40477776724
CENTRAL,BrandB,BrandB_SKU1,76.19990276025304,11812.9607565878
METRO_DELHI,BrandB,BrandB_SKU3,73.14583168695445,10102.107340861085
METRO_DELHI,BrandB,BrandB_SKU2,82.77776425219591,11674.549133285616
NORTH,BrandB,BrandB_SKU3,87.42295915490014,16865.49455221387
SOUTH,BrandB,BrandB_SKU2,86.78435171592619,19704.18086308651
EAST,BrandB,BrandB_SKU1,73.46654374784698,6375.220888976527
EAST,BrandB,BrandB_SKU3,80.41722020215961,11000.323227783343
METRO_DELHI,BrandB,BrandB_SKU1,79.49377908279118,10446.154112548513
SOUTH,BrandB,BrandB_SKU2,84.81519607324667,14382.823410634996
WEST,BrandB,BrandB_SKU3,71.4380996468525,15915.849843692256
NORTHEAST,BrandB,BrandB_SKU2,69.10912272608945,261056.56461459305
EAST,BrandB,BrandB_SKU3,72.1588701350012,333126.47477808804
WEST,BrandB,BrandB_SKU3,72.85326085517534,80116.57893002413
CENTRAL,BrandB,BrandB_SKU3,81.34261946212499,8999.715723628757
CENTRAL,BrandB,BrandB_SKU1,75.51317719845484,78515.1961001784
METRO_MUMBAI,BrandB,BrandB_SKU1,73.70921676955612,55384.48891637258
CENTRAL,BrandB,BrandB_SKU1,75.7870840226089,15190.732423205502
NORTH,BrandB,BrandB_SKU2,85.25882993693139,14401.127133570262
EAST,BrandB,BrandB_SKU2,76.1058911169503,11018.378334641273
NORTHEAST,BrandB,BrandB_SKU1,80.87680752706261,12173.86863947822
METRO_DELHI,BrandB,BrandB_SKU3,63.51274675638907,92501.0939518736
METRO_DELHI,BrandB,BrandB_SKU2,81.25215921721392,85436.9163599226
WEST,BrandB,BrandB_SKU2,83.56913659553298,101453.4985168455
EAST,BrandB,BrandB_SKU3,79.13240644747272,73407.20474147092
EAST,BrandB,BrandB_SKU1,73.28337686077516,36339.23977543443
CENTRAL,BrandB,BrandB_SKU1,75.04646519653397,34380.46528479094
SOUTH,BrandB,BrandB_SKU2,85.44343452004122,109271.84861851648
METRO_MUMBAI,BrandB,BrandB_SKU3,69.796169727965,184064.1060478833
SOUTH,BrandB,BrandB_SKU2,87.20910322196687,100529.16696428916
METRO_MUMBAI,BrandB,BrandB_SKU2,72.96997595152736,12260.609472217597
CENTRAL,BrandB,BrandB_SKU2,83.71283792810888,57346.74524747461
NORTH,BrandB,BrandB_SKU2,85.45003359108482,63754.034003525936
METRO_DELHI,BrandB,BrandB_SKU3,74.35343859716299,15548.339570169335
EAST,BrandB,BrandB_SKU3,79.98669077938992,67771.59058282511
METRO_DELHI,BrandB,BrandB_SKU3,72.49775489360965,14530.094218039849
NORTH,BrandB,BrandB_SKU3,77.12185570635522,181821.89024963928
NORTHEAST,BrandB,BrandB_SKU3,86.1055555590649,10364.915839956828
METRO_MUMBAI,BrandB,BrandB_SKU3,81.92035880997867,55179.21807745178
NORTHEAST,BrandB,BrandB_SKU2,78.94948926839812,11311.957420292963
CENTRAL,BrandB,BrandB_SKU2,83.1683332378181,17226.755454561662
METRO_DELHI,BrandB,BrandB_SKU2,71.2249487623822,100763.89157843102
EAST,BrandB,BrandB_SKU2,76.37578113028916,59836.36412562351
CENTRAL,BrandB,BrandB_SKU3,81.90733477954916,81325.83414746182
NORTHEAST,BrandB,BrandB_SKU3,87.32846261156277,9714.336580187444
WEST,BrandB,BrandB_SKU2,80.49661289966623,19688.2888427919
METRO_DELHI,BrandB,BrandB_SKU1,78.44021496902992,20181.128990516914
NORTH,BrandB,BrandB_SKU1,79.3484670208533,76299.54658537627
EAST,BrandB,BrandB_SKU3,79.87223592626124,13690.34777529632
WEST,BrandB,BrandB_SKU3,72.77706790564231,15769.405855750838
SOUTH,BrandB,BrandB_SKU1,72.40407835231265,14502.871431964924
NORTHEAST,BrandB,BrandB_SKU3,77.57877776353281,278306.4107026734
CENTRAL,BrandB,BrandB_SKU1,75.58722251486464,13046.170516845445
METRO_DELHI,BrandB,BrandB_SKU3,74.40348269213166,13711.545161900734
WEST,BrandB,BrandB_SKU1,74.2528705193498,51009.58993243558
EAST,BrandB,BrandB_SKU2,66.90680812380653,181192.1010164623
CENTRAL,BrandB,BrandB_SKU1,72.84577763757933,13930.4357332515
EAST,BrandB,BrandB_SKU2,77.13198496852257,11627.841024556694
CENTRAL,BrandB,BrandB_SKU1,74.61942939663922,12518.16850402543
METRO_MUMBAI,BrandB,BrandB_SKU3,81.21915400213365,48620.67990356197
WEST,BrandB,BrandB_SKU3,70.68964023189307,14479.846437765473
NORTHEAST,BrandB,BrandB_SKU2,81.37201810639567,49989.55348833734
METRO_DELHI,BrandB,BrandB_SKU1,78.19248730159029,11924.841409951325
METRO_MUMBAI,BrandB,BrandB_SKU1,74.66718076065578,62960.58548940531
CENTRAL,BrandB,BrandB_SKU2,73.12925779519618,180516.83241750565
METRO_DELHI,BrandB,BrandB_SKU2,84.03074461969106,68721.38933990359
METRO_DELHI,BrandB,BrandB_SKU1,79.7415813926906,74208.22429945746
NORTH,BrandB,BrandB_SKU3,87.23280634042216,12518.809418489804
WEST,BrandB,BrandB_SKU3,73.89205993050933,19136.09205297164
METRO_MUMBAI,BrandB,BrandB_SKU3,82.69668134182844,12260.609472217597
CENTRAL,BrandB,BrandB_SKU1,75.27464516002489,8770.059825601735
NORTHEAST,BrandB,BrandB_SKU3,86.68724856272843,9190.084565128063
CENTRAL,BrandB,BrandB_SKU2,82.6007871860704,68832.53829204492
METRO_DELHI,BrandB,BrandB_SKU1,79.89185829233713,14665.029228395886
SOUTH,BrandB,BrandB_SKU1,74.0495066947236,10426.530166197344
NORTHEAST,BrandB,BrandB_SKU2,80.82126052702763,8002.398075716171
METRO_DELHI,BrandB,BrandB_SKU1,78.86554027405084,197947.6834132565
NORTH,BrandB,BrandB_SKU2,84.92890235616383,85657.6050575103
NORTH,BrandB,BrandB_SKU3,87.56363857301908,109110.25678274594
NORTH,BrandB,BrandB_SKU3,77.84507045152732,255484.44594611265
NORTHEAST,BrandB,BrandB_SKU1,82.20199568176366,11311.957420292963
WEST,BrandB,BrandB_SKU2,82.62949342825448,17746.11637994066
NORTH,BrandB,BrandB_SKU1,78.42603072534055,21424.411795283155
NORTH,BrandB,BrandB_SKU3,85.9205957963124,15892.773044135842
NORTH,BrandB,BrandB_SKU3,86.7597817636057,229763.51881357617
CENTRAL,BrandB,BrandB_SKU3,82.64715122077456,14662.839632937566
EAST,BrandB,BrandB_SKU1,74.37726373898901,10554.786683896917
NORTHEAST,BrandB,BrandB_SKU1,81.18704786377843,10161.977456993463
NORTH,BrandB,BrandB_SKU3,86.56089575327428,88500.26242415218
NORTHEAST,BrandB,BrandB_SKU3,86.49919984380374,9186.677785728503
METRO_DELHI,BrandB,BrandB_SKU2,82.52964862859322,90479.95066226048
NORTHEAST,BrandB,BrandB_SKU2,79.77229343070962,10350.60984732254
NORTHEAST,BrandB,BrandB_SKU1,70.48073999184751,64277.91924141652
METRO_DELHI,BrandB,BrandB_SKU3,75.41958728533903,16084.609542084603
NORTH,BrandB,BrandB_SKU3,76.97473432516104,481378.09196688776
NORTHEAST,BrandB,BrandB_SKU2,79.02610910800267,8653.447834933473
NORTH,BrandB,BrandB_SKU2,84.70152596326764,86135.6013162042
METRO_MUMBAI,BrandB,BrandB_SKU1,74.497955586111,12779.160982454296
SOUTH,BrandB,BrandB_SKU3,75.17045081794316,117992.9628908428
METRO_DELHI,BrandB,BrandB_SKU2,69.52428432730748,97057.39047844024
NORTHEAST,BrandB,BrandB_SKU1,70.0119337552845,278306.4107026734
METRO_MUMBAI,BrandB,BrandB_SKU1,75.24152762311499,66093.16191032661
NORTH,BrandB,BrandB_SKU1,79.78004737529878,14401.127133570262
NORTHEAST,BrandB,BrandB_SKU1,81.63543670231623,31975.83725491309
METRO_DELHI,BrandB,BrandB_SKU3,75.1467817045957,86001.08312902375
METRO_DELHI,BrandB,BrandB_SKU1,77.76555676722549,15268.150881194071
NORTH,BrandB,BrandB_SKU3,87.85356738731353,17347.38408927177
METRO_DELHI,BrandB,BrandB_SKU1,80.18587073536195,95298.13053723326
METRO_DELHI,BrandB,BrandB_SKU3,74.94254045040233,13717.159938640236
NORTH,BrandB,BrandB_SKU2,84.21657480828459,10353.38327239586
SOUTH,BrandB,BrandB_SKU1,65.61881574377765,244925.21857657377
NORTHEAST,BrandB,BrandB_SKU1,79.72225919068674,10503.094429892206
SOUTH,BrandB,BrandB_SKU2,85.4233863323014,23277.95375804805
EAST,BrandB,BrandB_SKU1,64.3154769912768,82305.52723500239
NORTH,BrandB,BrandB_SKU1,67.7571908521026,267401.6177271325
WEST,BrandB,BrandB_SKU1,73.72490378663517,14859.90153033591
WEST,BrandB,BrandB_SKU3,73.51496937726164,82748.62929078571
EAST,BrandB,BrandB_SKU1,72.99878836258637,76548.70698747243
METRO_MUMBAI,BrandB,BrandB_SKU2,73.23926317849703,10745.497589741284
SOUTH,BrandB,BrandB_SKU1,74.67034402042674,98623.9433615425
WEST,BrandB,BrandB_SKU2,80.46745855891913,18294.35585873355
SOUTH,BrandB,BrandB_SKU1,71.47637136318295,23373.25992578483
CENTRAL,BrandB,BrandB_SKU1,76.02382663647724,13114.899537830795
METRO_MUMBAI,BrandB,BrandB_SKU2,72.8293962479293,73228.89084356476
METRO_MUMBAI,BrandB,BrandB_SKU3,70.12458834257076,172423.3757466149
WEST,BrandB,BrandB_SKU1,74.88916028012845,12881.432093669808
CENTRAL,BrandB,BrandB_SKU1,65.46690884909063,87818.7106979469
EAST,BrandB,BrandB_SKU2,77.58885753248761,112203.79873293612
WEST,BrandB,BrandB_SKU3,64.6685309641523,106147.71691445992
METRO_MUMBAI,BrandB,BrandB_SKU2,66.48638511317807,81788.83933590555
METRO_DELHI,BrandB,BrandB_SKU1,79.70137601764408,74139.95388302753
METRO_DELHI,BrandB,BrandB_SKU1,79.04923261283811,23085.74914479144
SOUTH,BrandB,BrandB_SKU1,74.22788418188675,18174.90626626205
NORTH,BrandB,BrandB_SKU2,74.49251667486452,107381.77869759266
WEST,BrandB,BrandB_SKU1,75.64258942373812,54775.31055338911
METRO_MUMBAI,BrandB,BrandB_SKU2,73.20288000067531,63844.337745953606
NORTH,BrandB,BrandB_SKU1,67.93052980294458,252139.45543059948
NORTHEAST,BrandB,BrandB_SKU1,81.43187409479187,7612.250635198674
NORTH,BrandB,BrandB_SKU3,88.21311113760912,79766.87557151074
SOUTH,BrandB,BrandB_SKU3,86.36693742217685,97445.65728581807
CENTRAL,BrandB,BrandB_SKU2,84.68376231286923,79165.75874304395
EAST,BrandB,BrandB_SKU1,63.39311226106248,78562.8509988495
METRO_MUMBAI,BrandB,BrandB_SKU3,81.32660427536656,58808.94164417515
WEST,BrandB,BrandB_SKU1,74.96681110089705,17548.469231298233
NORTH,BrandB,BrandB_SKU1,66.73480685469764,162137.9705154862
NORTHEAST,BrandB,BrandB_SKU3,86.10125420956938,49989.55348833734
METRO_MUMBAI,BrandB,BrandB_SKU3,82.66302046808056,70878.52705008324
CENTRAL,BrandB,BrandB_SKU2,70.5823519894593,73062.28767155627
CENTRAL,BrandB,BrandB_SKU3,79.54780406448239,8770.059825601735
METRO_DELHI,BrandB,BrandB_SKU1,79.14782155973404,15245.325268403396
NORTH,BrandB,BrandB_SKU1,78.10453600126255,109568.77696024015
METRO_DELHI,BrandB,BrandB_SKU3,73.72089951151102,12895.008734195382
METRO_DELHI,BrandB,BrandB_SKU3,75.72946943477676,95298.13053723326
CENTRAL,BrandB,BrandB_SKU2,84.36314303330917,6837.764222101705
NORTHEAST,BrandB,BrandB_SKU3,84.77062101288452,46116.83249349234
CENTRAL,BrandB,BrandB_SKU2,84.61648591091982,14683.627726204031
WEST,BrandB,BrandB_SKU3,71.96045431303236,99726.80740765488
EAST,BrandB,BrandB_SKU3,78.73786697283323,12264.219680452254
NORTHEAST,BrandB,BrandB_SKU2,79.50277564352801,49522.52919433371
NORTH,BrandB,BrandB_SKU3,87.46933731047699,99044.24193498706
METRO_DELHI,BrandB,BrandB_SKU2,83.00083752535036,8919.728618550502
SOUTH,BrandB,BrandB_SKU1,74.73479817887413,14959.758186210624
NORTH,BrandB,BrandB_SKU2,75.44686648270485,118316.50823220618
SOUTH,BrandB,BrandB_SKU1,63.07004864306523,269290.81638032844
NORTHEAST,BrandB,BrandB_SKU3,77.5794743459571,100916.472870471
EAST,BrandB,BrandB_SKU1,73.30115768978226,56790.97200058392
SOUTH,BrandB,BrandB_SKU3,85.6313649356643,12814.81638359917
NORTHEAST,BrandB,BrandB_SKU1,80.94185327271248,9841.254708821798
METRO_MUMBAI,BrandB,BrandB_SKU3,83.09976842503573,73228.89084356476
SOUTH,BrandB,BrandB_SKU1,73.71436435416729,18260.79319290908
METRO_MUMBAI,BrandB,BrandB_SKU1,74.1440742084426,63844.337745953606
EAST,BrandB,BrandB_SKU3,78.47591575499258,65626.89068218188
METRO_MUMBAI,BrandB,BrandB_SKU3,79.28390141327313,11942.603764864298
METRO_DELHI,BrandB,BrandB_SKU2,82.11265103209584,76245.4458339845
NORTHEAST,BrandB,BrandB_SKU3,86.3515771236731,10483.324148020743
SOUTH,BrandB,BrandB_SKU3,85.39837618790244,21301.200527584577
CENTRAL,BrandB,BrandB_SKU1,65.3740826319437,179392.27021258642
METRO_DELHI,BrandB,BrandB_SKU2,82.154085781357,14665.029228395886
METRO_DELHI,BrandB,BrandB_SKU1,79.85163040762534,15142.95695360076
NORTHEAST,BrandB,BrandB_SKU3,87.0654467629681,88557.7765149881
SOUTH,BrandB,BrandB_SKU2,86.88193962264465,86664.34806931227
NORTHEAST,BrandB,BrandB_SKU3,85.73687805189333,61664.122408475065
NORTHEAST,BrandB,BrandB_SKU1,81.64231714383706,10793.891845036218
WEST,BrandB,BrandB_SKU2,82.0851388982158,19529.047355360704
CENTRAL,BrandB,BrandB_SKU3,81.24793645720028,12634.41958756157
NORTH,BrandB,BrandB_SKU1,79.03219077118048,26796.287112292423
METRO_MUMBAI,BrandB,BrandB_SKU1,74.55095012876073,64001.5775670458
NORTHEAST,BrandB,BrandB_SKU2,78.12597042517925,7834.434547791613
NORTHEAST,BrandB,BrandB_SKU1,70.19930936767352,62074.6683997314
METRO_MUMBAI,BrandB,BrandB_SKU2,64.35242592015175,180466.13146204167
METRO_MUMBAI,BrandB,BrandB_SKU3,69.19493872945189,72470.66923447902
SOUTH,BrandB,BrandB_SKU1,63.89080412554584,119774.3123122726
METRO_MUMBAI,BrandB,BrandB_SKU2,73.76556341671527,12462.041781795477
EAST,BrandB,BrandB_SKU1,73.79960418350805,11627.841024556694
NORTH,BrandB,BrandB_SKU2,83.34567928503661,18979.60087188028
NORTHEAST,BrandB,BrandB_SKU2,80.36231889024452,7644.789362217351
METRO_DELHI,BrandB,BrandB_SKU3,73.2950610123459,12406.972914368447
EAST,BrandB,BrandB_SKU2,76.19839851321149,75507.20693510152
WEST,BrandB,BrandB_SKU2,81.72744617259478,12941.943881238964
EAST,BrandB,BrandB_SKU2,74.65209897986553,14826.264208234255
NORTHEAST,BrandB,BrandB_SKU2,80.18959727407238,7724.30296744012
METRO_MUMBAI,BrandB,BrandB_SKU1,74.61585698411497,65303.52959868751
NORTH,BrandB,BrandB_SKU3,88.95442827722876,82064.71659389178
NORTHEAST,BrandB,BrandB_SKU1,81.45004745160179,9425.024566773463
SOUTH,BrandB,BrandB_SKU3,86.48994985655604,13259.70013129834
METRO_DELHI,BrandB,BrandB_SKU1,71.57884258074763,103072.8721443884
METRO_MUMBAI,BrandB,BrandB_SKU3,82.95487116070436,6987.373683803671
EAST,BrandB,BrandB_SKU1,64.49437751685065,174487.2260323806
CENTRAL,BrandB,BrandB_SKU3,81.1709391202417,10058.019656716902
METRO_MUMBAI,BrandB,BrandB_SKU1,63.74618946039388,243657.2077412356
EAST,BrandB,BrandB_SKU1,73.0891527069961,10059.857401010622
EAST,BrandB,BrandB_SKU1,73.52591834119052,12040.700934038983
NORTH,BrandB,BrandB_SKU1,78.5978577489496,17903.133479454347
METRO_MUMBAI,BrandB,BrandB_SKU1,74.57796176793478,53833.703683476015
NORTH,BrandB,BrandB_SKU2,84.84893005429701,15251.994241515662
METRO_DELHI,BrandB,BrandB_SKU3,73.97597387133278,94396.55906080158
METRO_MUMBAI,BrandB,BrandB_SKU3,82.21359058890079,10723.91278872562
METRO_DELHI,BrandB,BrandB_SKU1,69.84972556574749,208224.2771647268
NORTHEAST,BrandB,BrandB_SKU1,70.10099433269154,65634.36631874966
METRO_MUMBAI,BrandB,BrandB_SKU3,82.97996272959979,13204.82199054069
NORTHEAST,BrandB,BrandB_SKU2,80.42738690804099,44112.21304578636
NORTH,BrandB,BrandB_SKU3,77.63683369443878,116959.52131996265
WEST,BrandB,BrandB_SKU1,75.15546361946993,16874.50015022045
SOUTH,BrandB,BrandB_SKU2,85.11266193234677,81513.054139373
EAST,BrandB,BrandB_SKU2,67.02279789463402,83865.85803290799
CENTRAL,BrandB,BrandB_SKU3,81.2389645806175,73200.91393901604
METRO_MUMBAI,BrandB,BrandB_SKU3,80.2140796011162,12600.066911775975
CENTRAL,BrandB,BrandB_SKU1,74.84173363780889,40492.752100904334
METRO_DELHI,BrandB,BrandB_SKU3,64.32303894198128,209529.5795167656
METRO_DELHI,BrandB,BrandB_SKU2,83.9375930543302,85329.37843087368
METRO_MUMBAI,BrandB,BrandB_SKU3,80.8881866484048,13127.303808115495
NORTHEAST,BrandB,BrandB_SKU1,80.4520954459066,27819.81426325162
EAST,BrandB,BrandB_SKU1,73.53184252286367,13103.68638846418
EAST,BrandB,BrandB_SKU1,72.0330697223717,34540.40323737932
METRO_DELHI,BrandB,BrandB_SKU2,84.06108308084033,15577.788812191948
EAST,BrandB,BrandB_SKU3,79.61710340892711,59296.48828989208
WEST,BrandB,BrandB_SKU1,74.4030475908718,13889.394424502343
EAST,BrandB,BrandB_SKU2,73.38378001591266,59608.1327717168
NORTH,BrandB,BrandB_SKU3,87.15679865426613,18979.60087188028
NORTHEAST,BrandB,BrandB_SKU2,79.89240395222389,6831.211513690862
METRO_MUMBAI,BrandB,BrandB_SKU3,82.36081488319145,8725.139090207185
WEST,BrandB,BrandB_SKU2,73.30686673429737,109358.32060416685
CENTRAL,BrandB,BrandB_SKU3,81.72063700972433,9595.826633495328
SOUTH,BrandB,BrandB_SKU2,84.8716885074847,15073.35069374736
CENTRAL,BrandB,BrandB_SKU2,72.71727220527426,83618.23057290628
WEST,BrandB,BrandB_SKU1,74.30554624410509,10803.389622800652
METRO_DELHI,BrandB,BrandB_SKU3,63.89778323134588,225572.3078093044
METRO_MUMBAI,BrandB,BrandB_SKU2,73.21587329823345,9297.786655819587
NORTHEAST,BrandB,BrandB_SKU2,79.94316852187272,61664.122408475065
NORTHEAST,BrandB,BrandB_SKU1,80.90203317471507,10356.700536258148
METRO_DELHI,BrandB,BrandB_SKU2,70.32190574916707,103422.48627285352
METRO_DELHI,BrandB,BrandB_SKU3,74.3460183410092,16759.839852157904
NORTH,BrandB,BrandB_SKU2,84.91309859582375,12518.809418489804
WEST,BrandB,BrandB_SKU2,81.75139293379922,18471.094161676046
CENTRAL,BrandB,BrandB_SKU2,84.26404651266674,14054.402117989324
CENTRAL,BrandB,BrandB_SKU1,74.08202515512755,63598.64437418548
WEST,BrandB,BrandB_SKU3,65.08623577351997,111864.24046340746
NORTH,BrandB,BrandB_SKU3,85.74277466757476,16302.176910834884
METRO_MUMBAI,BrandB,BrandB_SKU3,69.99332125544777,76031.04141949974
METRO_MUMBAI,BrandB,BrandB_SKU2,73.96363613431525,7913.603877778444
NORTHEAST,BrandB,BrandB_SKU2,80.24832279516956,53935.40804435377
EAST,BrandB,BrandB_SKU2,74.64294126626442,61244.54130812719
METRO_DELHI,BrandB,BrandB_SKU3,64.2423210942809,104407.50472434644
EAST,BrandB,BrandB_SKU1,72.66714591861565,16061.444597376803
NORTHEAST,BrandB,BrandB_SKU2,68.54335911065957,150352.3741352173
SOUTH,BrandB,BrandB_SKU2,85.94512294355707,11899.216216840896
METRO_DELHI,BrandB,BrandB_SKU2,83.39452452224872,175321.62498054662
SOUTH,BrandB,BrandB_SKU2,84.33945158752518,16034.3871446201
CENTRAL,BrandB,BrandB_SKU1,75.08755867295596,13750.19784449593
NORTH,BrandB,BrandB_SKU1,77.39369084117064,15747.454348019815
SOUTH,BrandB,BrandB_SKU1,73.79413146091304,48290.97764852713
CENTRAL,BrandB,BrandB_SKU1,74.55975515411652,12345.998008054368
SOUTH,BrandB,BrandB_SKU2,86.35134580737527,14639.50894482765
NORTHEAST,BrandB,BrandB_SKU3,85.8729718048545,9425.024566773463
CENTRAL,BrandB,BrandB_SKU2,83.63843665264149,60685.58964720017
WEST,BrandB,BrandB_SKU2,82.0124295188922,11337.135283539868
SOUTH,BrandB,BrandB_SKU3,85.7633288736498,81412.47473584542
EAST,BrandB,BrandB_SKU1,72.62036667983567,9883.470345911162
NORTH,BrandB,BrandB_SKU2,76.59008643917355,111179.55221337471
WEST,BrandB,BrandB_SKU2,82.65354792555974,90473.4656904535
WEST,BrandB,BrandB_SKU2,81.06510754271414,76731.32966245433
SOUTH,BrandB,BrandB_SKU2,84.53403324994122,13259.70013129834
NORTHEAST,BrandB,BrandB_SKU3,85.40036668208401,8953.330066452674
EAST,BrandB,BrandB_SKU2,74.65072839101792,140827.9850144584
WEST,BrandB,BrandB_SKU3,73.11931460423148,13592.058867847702
CENTRAL,BrandB,BrandB_SKU1,75.41084347959337,83499.0246788693
NORTHEAST,BrandB,BrandB_SKU2,78.59379709221129,9841.254708821798
CENTRAL,BrandB,BrandB_SKU3,80.06556556952903,77451.38248733194
NORTH,BrandB,BrandB_SKU1,78.0823070395758,19436.038048918253
NORTHEAST,BrandB,BrandB_SKU3,85.75876433456342,46869.64089745568
EAST,BrandB,BrandB_SKU1,72.56969689284686,9150.639844143663
NORTHEAST,BrandB,BrandB_SKU1,81.2858308582639,8773.806064039672
EAST,BrandB,BrandB_SKU3,70.5829800232679,81081.43418458021
NORTH,BrandB,BrandB_SKU2,85.80517029645058,15704.481257194142
NORTHEAST,BrandB,BrandB_SKU2,79.11084257814706,11245.551195391148
SOUTH,BrandB,BrandB_SKU2,84.54768386472382,18054.53899382608
METRO_DELHI,BrandB,BrandB_SKU1,79.09449830641518,11869.085220864392
METRO_DELHI,BrandB,BrandB_SKU1,78.92465330559445,13711.545161900734
NORTH,BrandB,BrandB_SKU2,84.61994834585298,26796.287112292423
SOUTH,BrandB,BrandB_SKU2,87.14770258998843,80802.29567798591
NORTH,BrandB,BrandB_SKU2,84.3228912965825,13550.981972472278
EAST,BrandB,BrandB_SKU1,73.61818169331922,73407.20474147092
SOUTH,BrandB,BrandB_SKU1,73.94420484645241,80330.43040405151
EAST,BrandB,BrandB_SKU3,80.44304580215487,13134.389862469085
METRO_MUMBAI,BrandB,BrandB_SKU2,72.19115159440285,11488.022078339529
EAST,BrandB,BrandB_SKU3,78.90614839647701,65465.65777290097
EAST,BrandB,BrandB_SKU3,79.48198551050666,66599.37606970231
WEST,BrandB,BrandB_SKU1,73.41914116974651,17670.62984838696
SOUTH,BrandB,BrandB_SKU1,64.09127284924,122044.96842222248
METRO_MUMBAI,BrandB,BrandB_SKU1,75.40215586569175,62521.83434593239
METRO_MUMBAI,BrandB,BrandB_SKU1,73.72405219343806,58808.94164417515
CENTRAL,BrandB,BrandB_SKU2,84.48858632930008,63598.64437418548
NORTHEAST,BrandB,BrandB_SKU2,79.60570353005559,11437.432444095452
SOUTH,BrandB,BrandB_SKU1,64.79263858335234,457894.5857670647
METRO_DELHI,BrandB,BrandB_SKU2,83.2113659463793,71161.1353136406
METRO_MUMBAI,BrandB,BrandB_SKU1,64.29621487390023,86053.6595067006
NORTHEAST,BrandB,BrandB_SKU3,85.78706008491075,41651.077251081246
METRO_MUMBAI,BrandB,BrandB_SKU1,76.43075989855016,11707.540605725342
METRO_MUMBAI,BrandB,BrandB_SKU3,80.97036249135918,63844.337745953606
METRO_MUMBAI,BrandB,BrandB_SKU3,81.93406722553983,13117.148009241177
NORTHEAST,BrandB,BrandB_SKU1,80.56986462007936,11245.551195391148
CENTRAL,BrandB,BrandB_SKU1,74.09534474792665,11798.433012501737
METRO_DELHI,BrandB,BrandB_SKU3,73.99307606985805,8919.728618550502
CENTRAL,BrandB,BrandB_SKU2,83.67001428602462,14027.410039275512
SOUTH,BrandB,BrandB_SKU3,86.72712356928524,19069.011264003217
NORTH,BrandB,BrandB_SKU2,86.30677400994303,11352.218593229098
WEST,BrandB,BrandB_SKU3,64.35307356676347,163207.9929322093
EAST,BrandB,BrandB_SKU3,79.76356086153764,68627.63665435887
NORTHEAST,BrandB,BrandB_SKU1,81.29422446054983,46869.64089745568
EAST,BrandB,BrandB_SKU1,66.31345057464675,88238.98284900695
WEST,BrandB,BrandB_SKU3,73.89493784306549,72240.92725888589
EAST,BrandB,BrandB_SKU1,73.30518458915094,75507.20693510152
WEST,BrandB,BrandB_SKU3,71.63563251196734,105185.51562051814
NORTH,BrandB,BrandB_SKU1,79.1615615844946,80841.32886577207
EAST,BrandB,BrandB_SKU1,64.3767465311196,68119.9595994478
CENTRAL,BrandB,BrandB_SKU3,80.24573930070964,14439.169920131206
METRO_MUMBAI,BrandB,BrandB_SKU1,65.71042540980264,79073.37442425362
CENTRAL,BrandB,BrandB_SKU2,73.7056609745548,87818.7106979469
NORTHEAST,BrandB,BrandB_SKU1,69.97517245212515,157679.166876273
NORTHEAST,BrandB,BrandB_SKU3,77.5148840918049,62082.25489051024
NORTHEAST,BrandB,BrandB_SKU2,79.1706392560375,7612.250635198674
NORTHEAST,BrandB,BrandB_SKU3,87.48706568489801,12228.789161216338
SOUTH,BrandB,BrandB_SKU2,84.93393169545054,18854.54970057296
NORTHEAST,BrandB,BrandB_SKU3,87.30254835394102,49753.06621621954
METRO_MUMBAI,BrandB,BrandB_SKU2,73.49506405153095,37516.870421674255
METRO_MUMBAI,BrandB,BrandB_SKU2,72.88872289187279,13204.82199054069
NORTHEAST,BrandB,BrandB_SKU2,79.47708148428961,7149.041079524613
WEST,BrandB,BrandB_SKU3,72.60063932480827,16570.413398521625
METRO_DELHI,BrandB,BrandB_SKU3,73.32654380063396,14330.252401944968
EAST,BrandB,BrandB_SKU3,79.11930632014224,12571.966318912224
WEST,BrandB,BrandB_SKU3,72.81118855017363,14189.509773357966
NORTHEAST,BrandB,BrandB_SKU2,70.29647318497183,65634.36631874966
CENTRAL,BrandB,BrandB_SKU2,85.2275051110543,10058.019656716902
SOUTH,BrandB,BrandB_SKU2,84.90427204984216,95502.8898388272
SOUTH,BrandB,BrandB_SKU3,75.02694868410332,119774.3123122726
METRO_DELHI,BrandB,BrandB_SKU1,79.07431164209443,75072.52703918138
METRO_MUMBAI,BrandB,BrandB_SKU1,73.76600595444934,13204.82199054069
METRO_DELHI,BrandB,BrandB_SKU2,83.05731265406938,149365.9109188697
SOUTH,BrandB,BrandB_SKU2,86.8934029970892,18656.26693883705
METRO_DELHI,BrandB,BrandB_SKU3,73.81998042419795,69647.06083741988
WEST,BrandB,BrandB_SKU3,66.0433007390035,112243.67414098304
METRO_MUMBAI,BrandB,BrandB_SKU1,74.04618224088217,58354.45897417559
NORTH,BrandB,BrandB_SKU3,86.25415122336213,15921.89856069581
METRO_MUMBAI,BrandB,BrandB_SKU2,65.08064289098876,172423.3757466149
EAST,BrandB,BrandB_SKU2,76.01680278878376,10897.658288208018
METRO_DELHI,BrandB,BrandB_SKU1,78.59893738404573,82911.8646697385
METRO_DELHI,BrandB,BrandB_SKU3,73.42207323884001,71161.1353136406
EAST,BrandB,BrandB_SKU1,72.84043818638007,10867.919763551476
NORTHEAST,BrandB,BrandB_SKU1,81.79314695977463,13562.393768124455
CENTRAL,BrandB,BrandB_SKU2,72.75739321759855,202431.9879401311
METRO_MUMBAI,BrandB,BrandB_SKU2,66.37569242257969,79850.38650944749
METRO_DELHI,BrandB,BrandB_SKU1,79.0560375704828,14530.094218039849
SOUTH,BrandB,BrandB_SKU2,84.69216025010405,21301.200527584577
CENTRAL,BrandB,BrandB_SKU2,83.35338259414827,37046.42358069482
METRO_MUMBAI,BrandB,BrandB_SKU3,70.48487857154917,78934.57238469111
NORTHEAST,BrandB,BrandB_SKU1,70.73132370265546,68761.13908695958
NORTHEAST,BrandB,BrandB_SKU3,78.25041077004724,68761.13908695958
METRO_MUMBAI,BrandB,BrandB_SKU2,73.27790759623836,12099.30903452966
EAST,BrandB,BrandB_SKU3,79.78882619636292,14453.986219647795
SOUTH,BrandB,BrandB_SKU3,87.25556571002815,111396.75603607597
EAST,BrandB,BrandB_SKU2,75.85845524872711,26400.660318065813
SOUTH,BrandB,BrandB_SKU1,74.23444922605673,14434.673805509476
NORTH,BrandB,BrandB_SKU3,85.8665897385392,97932.05114079796
CENTRAL,BrandB,BrandB_SKU2,82.19476361506459,12914.293557758714
NORTH,BrandB,BrandB_SKU3,87.51035610972836,23458.45795689624
NORTH,BrandB,BrandB_SKU3,76.15922287247669,98435.4551786605
NORTH,BrandB,BrandB_SKU2,75.20820976808864,119639.62088242613
NORTH,BrandB,BrandB_SKU2,84.67942452204655,94832.89324078128
NORTH,BrandB,BrandB_SKU2,76.62472234521533,117165.18810974831
NORTH,BrandB,BrandB_SKU1,78.14830827700162,14854.808617571747
NORTH,BrandB,BrandB_SKU3,87.90674872678427,13776.78555475018
NORTHEAST,BrandB,BrandB_SKU3,85.75000606664179,26807.66365609839
CENTRAL,BrandB,BrandB_SKU3,79.71912750415775,14087.333230448186
CENTRAL,BrandB,BrandB_SKU3,80.16966546484711,13930.4357332515
METRO_DELHI,BrandB,BrandB_SKU2,82.41152098490205,197947.6834132565
NORTH,BrandB,BrandB_SKU1,67.45346475403265,106636.58814029382
EAST,BrandB,BrandB_SKU2,67.61929779305946,185049.04928146364
SOUTH,BrandB,BrandB_SKU3,84.50208857458128,16005.055855607718
NORTH,BrandB,BrandB_SKU1,77.23744805660226,94832.89324078128
NORTH,BrandB,BrandB_SKU2,86.27393162370379,93290.42672173397
METRO_DELHI,BrandB,BrandB_SKU3,74.06779072908508,76245.4458339845
CENTRAL,BrandB,BrandB_SKU3,80.01801263244415,14683.627726204031
NORTHEAST,BrandB,BrandB_SKU3,76.32479095557119,150352.3741352173
METRO_DELHI,BrandB,BrandB_SKU3,73.72869086077576,10179.587814532302
WEST,BrandB,BrandB_SKU2,83.17633519546487,89671.56117850587
METRO_DELHI,BrandB,BrandB_SKU2,70.88225823645215,84804.89165103248
WEST,BrandB,BrandB_SKU1,73.98595116883452,15769.405855750838
NORTH,BrandB,BrandB_SKU3,88.22248564303497,15463.867932841764
METRO_MUMBAI,BrandB,BrandB_SKU1,73.33599363452704,10293.38723244524
WEST,BrandB,BrandB_SKU3,64.6256929064241,100390.76627713809
METRO_DELHI,BrandB,BrandB_SKU2,81.88849147654314,16351.455810289992
NORTHEAST,BrandB,BrandB_SKU2,67.85039033051657,65132.26030415389
CENTRAL,BrandB,BrandB_SKU1,75.16204503231145,10789.733283597408
CENTRAL,BrandB,BrandB_SKU3,80.83666733199853,13705.637377368732
CENTRAL,BrandB,BrandB_SKU2,84.50337030413051,10638.76397658848
NORTHEAST,BrandB,BrandB_SKU3,85.31865075590653,65039.4079528543
NORTHEAST,BrandB,BrandB_SKU3,86.72139372022832,6779.216726330862
NORTHEAST,BrandB,BrandB_SKU1,81.61540941136028,46795.76400712081
NORTH,BrandB,BrandB_SKU1,68.48334148740805,118934.04054753394
SOUTH,BrandB,BrandB_SKU2,84.23304616267548,16751.04875358661
WEST,BrandB,BrandB_SKU3,73.43861233968413,88451.8575961375
NORTH,BrandB,BrandB_SKU1,78.3919954846832,98622.22375889526
CENTRAL,BrandB,BrandB_SKU2,83.55233675292433,11025.766057088593
NORTH,BrandB,BrandB_SKU3,88.91601564282728,135667.20520979448
EAST,BrandB,BrandB_SKU2,67.75525268439117,78562.8509988495
SOUTH,BrandB,BrandB_SKU2,85.27540619141158,14434.673805509476
METRO_MUMBAI,BrandB,BrandB_SKU2,72.89263892160547,13129.016468525995
WEST,BrandB,BrandB_SKU2,80.69620341322558,54775.31055338911
SOUTH,BrandB,BrandB_SKU2,85.8656041839467,13646.719975516078
NORTHEAST,BrandB,BrandB_SKU3,77.75089801003257,69169.0669377346
NORTH,BrandB,BrandB_SKU3,87.19970209097558,18465.349180137662
SOUTH,BrandB,BrandB_SKU3,75.12553330916738,122044.96842222248
METRO_MUMBAI,BrandB,BrandB_SKU2,64.28589046753662,304739.96118600195
NORTH,BrandB,BrandB_SKU3,77.66691184484819,108566.99965909576
CENTRAL,BrandB,BrandB_SKU1,74.85693826821822,71820.21307690765
METRO_DELHI,BrandB,BrandB_SKU3,74.26202096734076,15245.325268403396
SOUTH,BrandB,BrandB_SKU2,84.52059872864865,98623.9433615425
NORTHEAST,BrandB,BrandB_SKU3,87.14825726267975,7474.421233793248
NORTH,BrandB,BrandB_SKU1,79.71907490103496,12365.477839930332
NORTHEAST,BrandB,BrandB_SKU1,80.58897311522907,10364.915839956828
SOUTH,BrandB,BrandB_SKU2,84.95300061229958,17820.704037330874
NORTH,BrandB,BrandB_SKU1,78.48097379362487,12125.148855403677
WEST,BrandB,BrandB_SKU2,80.99595481092771,10963.74381789032
METRO_DELHI,BrandB,BrandB_SKU1,69.13728639075104,93533.49995950704
WEST,BrandB,BrandB_SKU1,74.18317179696199,18186.95984719893
METRO_DELHI,BrandB,BrandB_SKU2,83.53392463919964,11924.841409951325
CENTRAL,BrandB,BrandB_SKU3,80.94408873924442,11656.42323960548
METRO_MUMBAI,BrandB,BrandB_SKU2,74.0327166296518,8587.891593296348
EAST,BrandB,BrandB_SKU1,64.57243018147228,235989.1777213089
METRO_MUMBAI,BrandB,BrandB_SKU1,73.74202641966266,48620.67990356197
METRO_MUMBAI,BrandB,BrandB_SKU1,72.94596607620875,13129.016468525995
CENTRAL,BrandB,BrandB_SKU2,72.56158600964488,198474.9690318356
EAST,BrandB,BrandB_SKU1,73.21268610533885,10279.923641841247
METRO_DELHI,BrandB,BrandB_SKU3,75.96926817184516,65734.18865643113
NORTH,BrandB,BrandB_SKU3,87.87410854716055,18166.881401129685
NORTHEAST,BrandB,BrandB_SKU2,80.3342194561907,46116.83249349234
METRO_MUMBAI,BrandB,BrandB_SKU1,74.213158290206,55179.21807745178
NORTH,BrandB,BrandB_SKU3,87.62015998783254,17399.18643642087
NORTH,BrandB,BrandB_SKU1,76.39147631545215,96762.03128260466
SOUTH,BrandB,BrandB_SKU3,87.00180724309702,16921.3017543301
CENTRAL,BrandB,BrandB_SKU3,79.17485427458521,16687.31123787741
NORTH,BrandB,BrandB_SKU3,76.79679242991772,112657.27983607345
CENTRAL,BrandB,BrandB_SKU2,73.22813309047186,193025.690017711
NORTH,BrandB,BrandB_SKU1,77.96683162628106,19565.94699217612
METRO_DELHI,BrandB,BrandB_SKU1,70.41635632544754,100763.89157843102
EAST,BrandB,BrandB_SKU1,72.64319771867346,64176.3333316342
EAST,BrandB,BrandB_SKU2,75.21703607163711,56013.47040077271
METRO_DELHI,BrandB,BrandB_SKU1,77.94420711330554,13692.067493325025
CENTRAL,BrandB,BrandB_SKU2,83.68466579531672,10674.178241226457
SOUTH,BrandB,BrandB_SKU2,77.06941832782069,128408.91547535831
SOUTH,BrandB,BrandB_SKU1,73.96904560696456,95502.8898388272
WEST,BrandB,BrandB_SKU2,80.85693680888203,21021.364544398068
EAST,BrandB,BrandB_SKU3,79.93806773201257,76548.70698747243
EAST,BrandB,BrandB_SKU1,73.08079267282832,11000.323227783343
NORTHEAST,BrandB,BrandB_SKU2,79.867853436988,5985.758357627528
CENTRAL,BrandB,BrandB_SKU1,66.46209161934509,202431.9879401311
WEST,BrandB,BrandB_SKU2,82.11611732060294,13353.73906460702
NORTHEAST,BrandB,BrandB_SKU3,86.60128502478922,8773.806064039672
SOUTH,BrandB,BrandB_SKU2,85.32165123689805,18801.76783106031
WEST,BrandB,BrandB_SKU1,72.60924329560002,17265.28591191082
SOUTH,BrandB,BrandB_SKU3,84.96302215565738,9277.4777523236
METRO_DELHI,BrandB,BrandB_SKU2,82.57411290347856,18140.993674369995
EAST,BrandB,BrandB_SKU3,80.12324964926111,26400.660318065813
CENTRAL,BrandB,BrandB_SKU2,84.50766291898326,77951.5433024412
METRO_MUMBAI,BrandB,BrandB_SKU3,81.65980039922502,62521.83434593239
EAST,BrandB,BrandB_SKU1,66.97947591882513,176802.04865766058
SOUTH,BrandB,BrandB_SKU1,73.50017061786886,86290.63376480226
SOUTH,BrandB,BrandB_SKU3,84.2370698527514,11432.422281820836
CENTRAL,BrandB,BrandB_SKU2,82.72718435900447,267971.9256407788
METRO_DELHI,BrandB,BrandB_SKU3,74.17356199139432,80372.30605431627
METRO_DELHI,BrandB,BrandB_SKU2,81.81930923703817,12797.832173615989
NORTH,BrandB,BrandB_SKU2,83.87932426304361,15747.454348019815
WEST,BrandB,BrandB_SKU2,81.67860431633683,76446.94129452873
METRO_DELHI,BrandB,BrandB_SKU1,78.70718634169604,14287.540091787445
METRO_DELHI,BrandB,BrandB_SKU1,79.74526705706246,91387.1658337869
WEST,BrandB,BrandB_SKU2,84.86827281532474,75680.83291153438
NORTHEAST,BrandB,BrandB_SKU2,79.92047082078047,10793.891845036218
METRO_DELHI,BrandB,BrandB_SKU3,73.25129766857182,144816.78483247568
SOUTH,BrandB,BrandB_SKU1,72.49814956648551,17820.704037330874
METRO_DELHI,BrandB,BrandB_SKU3,62.48685779879616,291761.7415368141
METRO_MUMBAI,BrandB,BrandB_SKU3,82.94433960169613,9810.715349630444
WEST,BrandB,BrandB_SKU1,73.0711594521761,19529.047355360704
EAST,BrandB,BrandB_SKU2,67.77021556417972,88238.98284900695
WEST,BrandB,BrandB_SKU2,82.09091807225316,21612.426960141493
WEST,BrandB,BrandB_SKU2,80.57532035433883,99181.82817084328
EAST,BrandB,BrandB_SKU1,64.94855291389041,71895.63332313247
METRO_DELHI,BrandB,BrandB_SKU3,73.09169379235847,10653.204239521505
METRO_DELHI,BrandB,BrandB_SKU1,78.24725834284196,10962.869009752969
NORTHEAST,BrandB,BrandB_SKU1,81.06796129458057,63346.65733600476
METRO_DELHI,BrandB,BrandB_SKU2,83.37240458596399,16744.689175990938
NORTHEAST,BrandB,BrandB_SKU3,87.31201520852858,7149.041079524613
WEST,BrandB,BrandB_SKU3,72.48414070062374,14458.870967451265
NORTHEAST,BrandB,BrandB_SKU1,80.98735225781955,9190.084565128063
SOUTH,BrandB,BrandB_SKU3,87.22433906862808,86664.34806931227
WEST,BrandB,BrandB_SKU2,81.59408534815829,14724.027098051249
METRO_MUMBAI,BrandB,BrandB_SKU1,74.95148453922708,66843.76608310996
NORTH,BrandB,BrandB_SKU2,84.56568345446537,229763.51881357617
WEST,BrandB,BrandB_SKU1,73.54326823623336,101453.4985168455
EAST,BrandB,BrandB_SKU1,73.30340793740804,16233.878386489538
EAST,BrandB,BrandB_SKU1,73.59931192811378,11013.868236730545
NORTHEAST,BrandB,BrandB_SKU3,85.2068491288703,7237.688988493427
METRO_MUMBAI,BrandB,BrandB_SKU2,72.78239992223453,54558.839272034245
NORTHEAST,BrandB,BrandB_SKU2,79.40360873338874,9750.703930819936
WEST,BrandB,BrandB_SKU3,72.23933017665365,12310.974735139023
SOUTH,BrandB,BrandB_SKU3,86.86874519954553,14482.723875915786
NORTH,BrandB,BrandB_SKU3,87.89668022707941,11554.30397920422
METRO_DELHI,BrandB,BrandB_SKU1,78.58875554075385,8919.728618550502
NORTH,BrandB,BrandB_SKU3,75.7022775452578,338656.17033124686
EAST,BrandB,BrandB_SKU1,74.35685441398694,56580.48833099025
NORTH,BrandB,BrandB_SKU2,84.67333887980801,79822.93110320125
METRO_MUMBAI,BrandB,BrandB_SKU3,83.4840926763823,12082.60917621912
SOUTH,BrandB,BrandB_SKU2,85.50136383071397,99743.99180957956
SOUTH,BrandB,BrandB_SKU2,84.70916858788321,19573.35411012081
SOUTH,BrandB,BrandB_SKU2,85.3873352506607,16984.649663781067
SOUTH,BrandB,BrandB_SKU3,85.84088798746288,95502.8898388272
EAST,BrandB,BrandB_SKU1,73.33006316328581,75824.51512359669
SOUTH,BrandB,BrandB_SKU1,74.3210531781203,18854.54970057296
METRO_MUMBAI,BrandB,BrandB_SKU3,82.27128064585231,10293.38723244524
NORTH,BrandB,BrandB_SKU2,85.11924769107537,14854.808617571747
NORTH,BrandB,BrandB_SKU2,83.48820661643956,15892.773044135842
METRO_MUMBAI,BrandB,BrandB_SKU2,65.8937139603237,71967.74910175569
NORTHEAST,BrandB,BrandB_SKU2,80.05110475278717,8817.866546585687
WEST,BrandB,BrandB_SKU3,72.78499125054768,86619.62177791103
METRO_DELHI,BrandB,BrandB_SKU1,79.05082952770687,85329.37843087368
EAST,BrandB,BrandB_SKU2,67.50771831426394,174487.2260323806
EAST,BrandB,BrandB_SKU3,77.99374650712335,14637.583855129496
EAST,BrandB,BrandB_SKU2,75.66084628108476,66368.39401245277
NORTHEAST,BrandB,BrandB_SKU3,87.55499564336553,57261.94842200988
SOUTH,BrandB,BrandB_SKU1,74.36488211469769,113291.4675962348
NORTHEAST,BrandB,BrandB_SKU2,80.32361219985648,9201.400576038155
CENTRAL,BrandB,BrandB_SKU1,76.46581617878796,60685.58964720017
SOUTH,BrandB,BrandB_SKU1,76.18887738696029,12814.81638359917
WEST,BrandB,BrandB_SKU3,72.97330916497896,15242.698234749389
METRO_DELHI,BrandB,BrandB_SKU2,81.10219359994528,20181.128990516914
NORTH,BrandB,BrandB_SKU3,87.37483543185427,50172.47281434948
CENTRAL,BrandB,BrandB_SKU3,81.01310247372584,10789.733283597408
NORTHEAST,BrandB,BrandB_SKU1,70.46731505359055,56909.981309538496
METRO_DELHI,BrandB,BrandB_SKU2,84.21744214980123,11391.947750458074
EAST,BrandB,BrandB_SKU3,78.40612838905177,11779.759152028664
NORTH,BrandB,BrandB_SKU1,76.923418995166,15915.381329280037
